d2EosFP_codon1	CAACAGTATGATGTGTGCGC	74.286	490	113	11	40	518	64	551	9.19e-54	195
eechRFP_codon1	CAACAGTATGATGTGTGCGC	76.112	427	83	17	122	534	146	567	4.23e-57	206
tPapaya0.01_codon1	CAACAGTATGATGTGTGCGC	78.846	260	55	0	7	266	4	263	3.58e-48	176
A1a_codon2	CAACAGTATGATGTGTGCGC	77.491	271	59	2	10	279	22	291	9.57e-44	161
scubGFP2_codon2	CAACAGTATGATGTGTGCGC	81.588	554	83	11	163	705	169	714	1.11e-127	440
McaG1ea_codon2	CAACAGTATGATGTGTGCGC	83.221	447	73	2	106	551	130	575	3.03e-118	409
KikGR1_codon2	CAACAGTATGATGTGTGCGC	78.185	518	101	12	40	551	64	575	1.46e-91	320
mc3_codon2	CAACAGTATGATGTGTGCGC	90.316	475	42	4	100	572	103	575	0.0	619
tPapaya0.01_codon2	CAACAGTATGATGTGTGCGC	86.471	170	23	0	10	179	7	176	1.66e-51	187
dPapaya0.1_codon2	CAACAGTATGATGTGTGCGC	88.123	261	31	0	7	267	4	264	9.42e-89	311
